userId,displayName
Ud3362f30ac09d9fcb4cf99d5ef857564,ç‘‹
U9e4e7eecf724c2535887c0d70a73c32f,é»ƒè±†å…’
U55468989d2238fd588154247cf122d14,Diamond
Ubaf900f3fdff1a1a9e2b2983d2255e58,å„’å„’
U796a08c2748a3389e69e11d2e1590084,christy
U8ba5f26896e02dcad0388449826c3178,k
Ud723d01d9c39e596e37a08ee5860896f,ç¦¾äºé€šè¨Š
Ub524e16f7bb9bab2699e4eb400ca1c08,é»„miumiu
U8091aab7fdb67d97ca5748f7f400c974,ç’°çƒc3æ•¸ä½é€šä¿¡/é–€è™ŸçºŒç´„/åˆ†æœŸ/ä¸­å¤æ©Ÿ
Uf300bfeaecce2c1d350b30e3a933ce85,å°è¬
U6cb41dbdae5df70c6e0f286383500ee6,é‚±æ…•è¯
U46833c5d558c93f6fa0a7d567e47bf94,ğŸˆç´€è© çœŸğŸ˜„ä½å•†ä¸å‹•ç”¢/AIæ‰‹æ©Ÿåº—
U8286f8837ce6dd503b8f1b7c23450da7,ç‰è“®ğŸŒ¸ä¾ç±³EMIğŸ°
Ufa56000f37b38f106cb265444bfacc0c,æ˜Ÿå¨é€šè¨Š_æ–‡ä¸ƒåº—
Uba1b0eab92e88654bb6966f5041392bd,ä¸«å¨
U29d748a6ec4d8e82e0e2f30a8ab774df,é‚±å…¸æ„·
U062a144ec77839e273bcd8d686d3130f,è‘‰æ²›å®¸
Ua82fae20ee9871b1150549ffa9b3d91a,å°ç¿ (å§ºç‘œåª½ï¼‰
U0053e659a383ee64d46ac973abdc84be,è¶™å£«è±ª
U704c25819bf47a15646dd56ab6c80c16,æé¨°å½¬
U043200cd43e3833315bbf2b303f2349f,Mina Dai
U3f499cb4b8e86a822fa07b0734aa3df2,è²éœ“
U874c06db695fca407d9a8285c231bd9f,å…­å…­å±‹-æ»‹å„€ğŸŒº
U0413d078da1b2b376e06c41ed8b6527f,éŒ¢å“ˆèœœ
Ub960abc5d83a0ea550bfd63d3ee4ac29,RyanY
Ua858e98443a4028312d810c4a0f2235a,æ¸¸å°å® ï£¿ New æ–°æ‰‹æ©Ÿ
U107b3061c179dd8ba1dfa2ab717e0953,ç‘œå…’ğŸŒ¸
Uf0c0d2b9e46ffc188e4bbd790e747b6f,D.W.Yâ™ ï¸
U4fde96654ffc013820999a613f995cb7,å‡±æ£®Jason
Ufd6a5d70b2de8876b13989792648ca16,Eason Lee
U800760c66ce5eb6c34c7251c9ec673b7,å† æ¿ 
Ude2cb6d20605335a6503e209c155881d,å¤é®è±ª~å¥‡äºé€šä¿¡
U56ebff9be02fe8c46e2c29c6c31b295c,æœ‰éš»æ‰‹æ©Ÿ è˜‡å¤§æ£®
U0baeeec5388e0e739b143aed9cc18a62,Hao
U1a286e576aa83f121ec9ca611a2572d1,æ™¨
U41f0adf11ba6b0960031cb465ea349d5,ç¿”ç¿”é€šè¨Š-åšæ„›åº—
U46b735f83973c91bbe17750a0427a665,é™³å°æ²„
U9e4c3e24c7397065e34cde6f67c93258,æ–‡å’Œ
U2dd38065b030964e62ed90334bee3348,å°å®å™¹
Ucaa37288ad7f079c900f379878a8e367,å¤§ç™½
Ue2f208da4fcf3438550205d88a137d71,é»ƒç¥ºç‘‹
Uf03d916f5089ec2b6c7c1fb11e239094,Winnie
U67eac04960f37fbd9a0f44d73dda98ed,ç« é­šğŸ™
Ua797a1847135f2a608b97a8900c4e0af,Kun Chi Liu
U231324e53b31d0b339c023dfe1d2eaef,ä¸ä¸å…’ğŸ””   áµ•Ìˆ
Ua482915ff97d246e8c65b7f70c804ea9,é€£çµç¶²é€š-Ian
U5dd9b3c0d91cf4d375b6d717e4333765,å®‡ä¿®
Ubf3ca1a4ea9c2fba739aec475033a438,Lin Chun Yu (å³»ä½‘)
Uc7641dba75213fa8a8965cb564a896f2,å‡±è¥¿
U9909def7555c170a0b5e144d20470edd,PGå…§å‹¤1çµ„
Ud5a118c759bdb6e88038cdf6f362e08d,åéª¨ æˆ‘æ˜¯å¥½å¯¶å¯¶
U7c004afb1e8d465eb4659244995c9da0,æ½˜çªçª
U10c13c19c7c0aa66048439d12a4aebe5,Eric Chen
U4cc736748a8af70edbc808aecc2fb90f,ğŸ‡ºğŸ‡¸æ™®æ ¼çˆ¾â¤ï¸æ™´æ–‡Luciaâ¤ï¸
U08a41b3f4102145a4e4212b4d6b78762,ä½³ä½³
Uc4783c125669c37339696700a32117b4,ğŸ¥€Ru
Uf4e8696df2dc9ccb2a89ee4d8b0f2045,å°æ†¶-å…¬å‹™æ©Ÿ
U41e4c62c1112d878ce3219192f3d0e73,å³æ›¸æ›¸
U9463165c26326b58559d9dd0210c5479,yuan
U5c23478b5e24d1ccbd426c9d875fe27c,Ron
Ub17130b4c882f1e416fd567bf2167191,Guy
U7e2a5594f10b36476e5db8c37a8702db,é˜¿ä¹ƒâ¤ï¸æ‰‹æ©Ÿé›»ä¿¡å®¶
U44dd7050723e7078c1d8f5b94b7df7ce,Lilian
Uba6bafe66e1ac298937b7313c86a959e,æ—æ¬£æ¯…
Ue08be2cdfb8701251fc9db0c54e79d76,å°ç£è¡Œå‹•å±‹-ç«¹å—åº—
U4c9d025b05aabaa9f6a6c92e29df4b3b,é¦¬å°¼æ–‡è³¢â“‚ï¸062597899
U2dd43ab00d6b5ce83ab8382420d1c957,ğŸŒ²é¦™é¦™Ê• â€¢á´¥â€¢Ê”
U82b5b6e3505dc0e195202fabf161596e,å°ç£å¤§å“¥å¤§ æœ´å­å±±é€šé–€å¸‚
U414b59bdba4f6a7e13d39f0c7532d28c,ç®é›¯
Ufbd621e5abb1b74fe6fac504ce7bc27c,ä½³è“
U5e75ffe980911786becbec17b9679580,æ™¨
Ua31e51e3ae2315c807b7bac1d447b78b,Gina~å‰å¨œ
U0f66e0bb9a17112a449399065d4836dc,åŠ‰æŒ¯ç¶­(Mark Liu)
Uf302a8030c83527ae416ee281e4129ac,åœŸè±†ğŸ¥œè˜‹æœç¶­ä¿®ğŸ§°
U5daaf2bf4a44585ab849a4859fded1b5,Eason ï£¿
Uf974f3a018ff985b235488fdfed9946b,Erekã€‚æ–½å°åŸ
U01f13a858edf04522b4072443d3712d0,SHAUNA
Uc1dc1363245b2a2d535dba43c91213eb,â­ï¸éˆå…ƒ-å¤šå¤šâ­
U791ec8d49a9eb4a6608572d91585c606,Jessica
Ua20f6c8eef52660e87f1a70a6b855fc0,kuo-lin
U9aa31423b9b98b7557d8b7369fcf4e53,ææ˜“å®´
Ucf5e185a2ad3b59d69137343d292796c,Mapsbooking@çŸ¥è­˜åˆå¿ƒ
U9d2f9b1d77a9f45d39faa069051dc579,æ¥Šæ±æ¦®
U2c40200ff22747cc2fb7ab048a5935ad,ğŸŒŸæ‰‹æ©Ÿå®¶æ—ç¶­ä¿®å¸«-ç‹å“â„¢
U686cc28503771cd1d802b27ba2234a02,SHAUNA_company
U46f9aef62c54d7d79df1805f28c9f767,è†œåŒ æ‰‹æ©Ÿåº—ğŸ»æ¶µæ¶µ
Ue733ea14c5334dd87bdedb183f00cb3b,è¨±æ‰¿å“²
U625109553bc50fa4d74e927574b89c33,å°æ¬£
U761d0cec592c9d786be74625da8f8f0b,é™³SOæ˜
U543e079951cff5183b43999f57026589,é™³æŸå»·(å·¨å®£é€šè¨Š)
U237708176cc907da558492bcbeb35085,é å‚³é³³å±±é’å¹´åŠ ç›Ÿé–€å¸‚
U8fefeb680a2586e1067228e3893e18e0,é˜¿ç¶¸ï£¿
U29e6fea007b5dc8fc616f25c4aa9a8ae,BiboğŸŒ»
U10cd674c3fa80bef49de55c58e70dccf,Ounoun Hsieh
Uc4b530ecf305c401f97e6def3af39f52,*æ‰‹æ©Ÿå®¶æ—â¤ï¸å“ç‰Œç¸½ç›£-èŠ¯ç‘œğŸ˜Š
Uafab326115a8271184f4cc51c6690bc7,Melody chiu
Ua0fb59ef7409d59ab71795d17ced1aec,Ting
Uaef180318cfec9cf79cc58dfa0687fd0,é”å”
Ud8311c8187e75cbf8c7e221a8c7fc41c,æ·‘è
Ue55e00da5dd460cf9b026f275d64af71,å­¸åºœé€šä¿¡ä¸­æ­£åº—
Uf75032c32a5f1a6ddae737e29802fc35,å‘‚æ–‡å‚‘
Ud386c545e24ef7f52a1bb474c9cdc5e0,å‘‚å‰èª 
U57a668f6ac685058b6cab44c5354d018,ä¹™å¨Ÿ
U395a3b5a9913cba9c63044ce457ca957,æ€¡æ–‡
U145660126c71f5f0d89d6f5c6aaccefc,æ—ç¾¿å®
U4ba1f45f294d681b9eabd7c2c1e480b5,å³å¯å¯
U2eb73dc3c07d8a087c40cbf918d26e1b,é˜¿è«º*æ‰‹æ©Ÿå°ˆå®¶-å°šé †åº—
Ue18a91cd8b9c949d6596b4baeb1d1e8b,ä¸­è¯æ™ºæ…§é¤¨-æ³°å±±æ˜å¿—åº—
U048a695622946ec258a47a6ec12c1153,ç¿”ç¿”é€šè¨Šå°ä¸­ä¸€åº—
U70c7b8065e265c8a66a141990139f6f1,å®¶æº±
Ud16df7b650d52f1fa76910897dd7b2d1,è³´çŸå›
U4f2d8fc89880eae44a7204cc7830eac7,Eden-é–€è™Ÿ-æ‰‹æ©Ÿ-é…ä»¶-ä¸­å¤æ©Ÿè²·è³£
Ue4a3d973cdc9d1f39dd7f44b39392371,GraceğŸ¦„ï¸
U7bc7015caa26b189aaeb7caf5c86c5a0,ä½³å±•æœƒè¨ˆå…¬å‹™æ©Ÿ
Ue8c814892945ebc1de50347d15664580,å®‡æ–°å…¬ç›Šé–€å¸‚å…¬å‹™æ©Ÿ
Uf768d128caff4ea843b5b706b3eabf6c,æ²™å’ªå…”
U0c235ca83d766afbd59f4f11bdb26bed,å®¶æ™ºå°èœï¼ˆç§‰éˆï¼‰
U8c59488c534f05655975bcd698efcc4f,è•­ hsiao
Udf81d3f78457237394822b332c1ec8af,ä¸­è¯æ™ºæ…§é¤¨-æ³°å±±æ˜å¿—åº—
U085aa155f3955e2face35ad39d0c6514,ä½³å„«âŒšï¸ğŸ“±ğŸ’»ğŸ–¥
Uc644da5ec558744d5571ab04a33c3f9e,HaoğŸ¦–
U8fd80f999c7a83538aa6b1b50fb2673b,AnYu
U0943917c647a0ee4ee3e72c750a15349,*æ‰‹æ©Ÿå®¶æ—ğŸ“±æŠ€è¡“ç¸½ç›£-é˜¿ä¼¯æ•™ç·´ğŸ˜Š
U6e8fafcb04335c7dcd319782fb1b33b6,å…¨è‘³è»Ÿé«”è³‡è¨Šå®¢æœéƒ¨
U8793bf091c80fd6aa84eaf9dc3da9c14,æ —å­é ­çš„çˆ¸
U03528a456adc9d22e41200ddbb6d7758,å¤§æ±
Uaf2d19ae0cc2c998f0f9461a5c7b96a9,æ˜‡å…ƒï¼ˆæ˜‡æ˜‡é€šä¿¡ï¼‰
U9ead6f46bf31be6590544ec91595226d,æ´ªé–€ç¥ï¼ˆæ´ªèªæ¶µï¼‰
U33e2662b5b2d71f7ca2c90a54ffe6b41,Yi  Fan
U0bd94a2fbdd6c47f805bc0cb62adc83b,é‡‡æ½”
Ub56c38acb6f1dac029b9fa9713305ef9,(æ™šä¸Šåœ¨ç«¹å—)ğŸŒŸé˜¿å¸ƒğŸŒŸå¸ƒé­¯æ–¯é€šè¨Š
Ucf43f50c9de36721e38c80b8846d7054,ä¸­è¯æ™ºæ…§é¤¨-ä¸­åŸåº—
U099f0ae374184dac86010e01ea356338,åŒéŸ³é€šè¨Šè¡Œã€æ‰‹æ©Ÿç¸½å€‰ã€‘
Ud844c7cbfa4a8e55d59fa40a10cdc049,I.H
U74c37df44bac3b1774e05097498b21b9,è€æ–¯é€šè¨ŠNice
U15d162233ac4b20d3c7e395252948130,å…æ™ğŸ¤Yunqi
U93c454f17650d6da908a6baafd9fdf74,å‘†å‘†
U0f6ab9658af6ccd277bb573d0a4f21ef,èª å®äººäº‹
U9b0abf051986e5566f2dbba22281f894,AnyuğŸ’‹
Ubb2d774f138ae3e0e5984b81f38c4535,ææ”¿ç¿°
U17bd820326673f02f2b97381ee3495eb,å°é‡‘
U89468b84039821cf04b3cffe4682835d,XUN
U0c8eba3eee0dc8e8713d823bae82647b,å³æ˜“å‹³ï½œï£¿ 3Cæ‰‹æ©Ÿé€šè¨Š
U39de9fbabd10a93225a89bd1b2945ef9,è¶™èˆ’èˆ’
U53ebac8674ef444e4db30e0e7b7146fe,ğ““ğ“ªğ“·ğ“²ğ“¬ğ“ªå²‘å¿ƒâ™¥â™¥ğŸ‡¹ğŸ‡¼ğŸ‡¹ğŸ‡­
U55caf3cc8e9023463afea899673661e3,å°ä»Š
U0f4fc841ef9e2b4660e1121fa11e7cb8,é€£å¾—ç¿”ï¼ˆä¸­å¤æ©Ÿã€å…¨æ–°æ©Ÿã€çºŒç´„ã€æ”œç¢¼ï¼‰
U18ca21b5b6677589053bed022274f4e0,ç”˜è»’
U492421df6d962c502747e779882c3e8a,Jackie
Uabad237eb2c6dfa5345e783dc9779511,Nick
U85099597665187e6eb182e763625af0b,é„­æ—å‚‘( Jargo )ğŸ“±ğŸ’»
U8530b6d88de84d076fe1fb48648f34a7,OKD æ¥Šç¶­å‡
U655f81a031cdff2be392a372c3ed0bbb,è³´çŸä¼¶
U377bc4777025cb9dc748f68ca74ed2b9,ç‡•èŠ¬ğŸ’
U528fb69c1aea1c6b9c9b9f8a4a4c7c0b,æ‰‹æ©Ÿ-æ—ç…’è»’
Ue58af97d51e3cb51d14de63eb841f336,æ¾¤
Uf497be253b7a5d95bcef2960e51ef54f,å‚…å½¥éœ–
Ud54985baeee6b27fa14d2a6d78272504,è¨±ç­‘åª›
U4745206c799807f9c6e7a9c03a40aa0b,æ¸¸+å¥½
U4c9cb2bf11005d595f4aec255a8c595b,Linnnnnngâœ¨
Ua95a05b78eed9c7354adbb47cc764ce8,æ‰‹æ©Ÿæ–¹ç¨‹å¼
Uc17a9acc4b2f5be15d7ad67be4280a06,FZæ‰‹æ©Ÿå°ˆæ¥­ç¶­ä¿®
U3b98947cbbc33638839c51d5e95163f6,åŠ‰æ·‘å¿(Lisa)ğŸ’ğŸ‡ğŸ‘ğŸ¥ğŸ
Uc2ca99cea5ac741a83ed73250d1ecb39,å»–å»–
Ucea615579342fcd19e348cae084e982f,æ¶‚ç‘œèŠ¯ğŸ“²
Ue191017a5320d29523ed0edaf4c7ba19,å¸³å‹™çµ„-å°é¾
U4d230978c8f6398a813adb88b82e837b,å°å“¥å¤§-å¤§é‡Œå…§æ–°
